"ID"	"wildtype"	"mutant"
1	"(0, 0, 0, 2, 0, 0)"	"(0, 0, 0, 2, 1, 0)"
5	"(0, 0, 0, 1, 1, 0)"	"(0, 0, 0, 1, 2, 0)"
7	"(0, 0, 0, 1, 0, 1)"	"(0, 0, 0, 1, 1, 1)"
8	"(0, 0, 1, 0, 2, 0)"	"(0, 0, 1, 0, 2, 0)"
9	"(0, 0, 1, 3, 4, 0)"	"(0, 0, 0, 3, 4, 0)"
14	"(0, 0, 0, 5, 0, 0)"	"(0, 0, 1, 1, 0, 0)"
15	"(0, 0, 0, 0, 1, 0)"	"(0, 0, 0, 0, 0, 0)"
18	"(0, 0, 1, 1, 0, 1)"	"(0, 0, 1, 1, 0, 1)"
20	"(0, 0, 0, 0, 0, 0)"	"(1, 1, 0, 0, 0, 0)"
21	"(0, 0, 0, 0, 3, 0)"	"(0, 0, 0, 0, 2, 0)"
22	"(0, 0, 0, 2, 0, 1)"	"(0, 0, 0, 1, 2, 0)"
24	"(0, 0, 0, 1, 0, 0)"	"(0, 0, 0, 1, 0, 0)"
25	"(0, 0, 0, 0, 1, 0)"	"(0, 0, 0, 0, 2, 0)"
26	"(0, 1, 1, 1, 2, 2)"	"(0, 1, 0, 0, 1, 0)"
27	"(0, 0, 0, 2, 1, 0)"	"(1, 0, 1, 2, 0, 0)"
28	"(0, 0, 0, 3, 2, 0)"	"(0, 0, 0, 1, 1, 0)"
33	"(0, 0, 2, 0, 1, 0)"	"(0, 0, 0, 0, 1, 0)"
35	"(0, 0, 0, 0, 8, 0)"	"(0, 0, 0, 0, 7, 0)"
36	"(0, 0, 0, 0, 1, 0)"	"(0, 0, 0, 0, 1, 0)"
37	"(0, 0, 2, 0, 2, 0)"	"(0, 0, 2, 0, 0, 0)"
39	"(0, 0, 0, 0, 0, 0)"	"(0, 0, 0, 0, 1, 0)"
40	"(0, 0, 2, 0, 0, 0)"	"(0, 0, 0, 0, 2, 0)"
43	"(0, 1, 0, 0, 0, 0)"	"(0, 1, 0, 0, 0, 0)"
44	"(0, 0, 0, 0, 2, 0)"	"(0, 0, 0, 5, 2, 0)"
45	"(0, 0, 0, 2, 0, 0)"	"(0, 0, 0, 2, 0, 0)"
47	"(2, 0, 0, 0, 0, 2)"	"(0, 0, 0, 0, 0, 0)"
48	"(0, 0, 0, 2, 1, 0)"	"(0, 0, 0, 2, 1, 0)"
50	"(0, 0, 0, 1, 2, 0)"	"(0, 0, 0, 1, 1, 1)"
54	"(0, 0, 2, 0, 1, 0)"	"(0, 0, 3, 0, 0, 0)"
55	"(0, 0, 0, 1, 0, 0)"	"(0, 0, 0, 1, 0, 0)"
56	"(0, 0, 0, 0, 0, 0)"	"(0, 0, 0, 1, 1, 0)"
58	"(0, 0, 0, 1, 0, 1)"	"(0, 0, 0, 1, 0, 1)"
59	"(0, 0, 0, 0, 1, 0)"	"(0, 0, 0, 0, 0, 0)"
66	"(0, 0, 0, 0, 2, 0)"	"(0, 0, 0, 0, 2, 0)"
67	"(0, 0, 0, 5, 0, 1)"	"(0, 0, 0, 2, 0, 1)"
70	"(0, 0, 0, 5, 0, 0)"	"(0, 0, 0, 4, 0, 0)"
71	"(0, 0, 0, 0, 0, 0)"	"(0, 0, 0, 0, 1, 0)"
72	"(0, 0, 0, 0, 0, 1)"	"(0, 0, 0, 1, 0, 1)"
73	"(1, 0, 0, 2, 2, 0)"	"(0, 0, 0, 1, 1, 0)"
75	"(0, 0, 0, 4, 0, 0)"	"(0, 0, 0, 2, 0, 0)"
76	"(0, 0, 0, 1, 4, 0)"	"(0, 0, 0, 3, 3, 0)"
79	"(0, 0, 1, 0, 0, 0)"	"(0, 0, 1, 1, 0, 0)"
80	"(3, 0, 0, 0, 0, 0)"	"(0, 0, 0, 0, 0, 0)"
84	"(0, 0, 0, 5, 1, 0)"	"(0, 0, 0, 5, 1, 0)"
86	"(0, 0, 0, 2, 0, 0)"	"(0, 0, 0, 2, 0, 0)"
88	"(0, 0, 0, 1, 0, 0)"	"(0, 0, 0, 1, 0, 0)"
90	"(0, 0, 0, 1, 0, 0)"	"(0, 0, 0, 3, 0, 0)"
91	"(0, 0, 1, 0, 0, 1)"	"(0, 0, 0, 0, 0, 0)"
92	"(0, 0, 0, 2, 0, 1)"	"(0, 0, 0, 2, 0, 0)"
95	"(0, 0, 0, 2, 2, 0)"	"(0, 0, 0, 2, 2, 0)"
97	"(0, 0, 0, 1, 0, 0)"	"(0, 0, 0, 2, 0, 0)"
98	"(0, 0, 1, 1, 0, 0)"	"(0, 0, 1, 0, 0, 0)"
99	"(0, 0, 1, 0, 1, 0)"	"(0, 0, 1, 0, 1, 0)"
100	"(1, 1, 3, 0, 0, 0)"	"(0, 0, 1, 0, 0, 0)"
101	"(2, 0, 1, 0, 2, 0)"	"(0, 0, 1, 0, 2, 0)"
102	"(0, 0, 0, 3, 0, 0)"	"(0, 0, 0, 3, 0, 0)"
106	"(0, 0, 2, 1, 3, 0)"	"(0, 0, 2, 0, 2, 0)"
107	"(1, 0, 0, 2, 0, 0)"	"(0, 0, 0, 0, 0, 0)"
108	"(1, 0, 0, 0, 0, 0)"	"(0, 0, 0, 0, 0, 0)"
109	"(0, 0, 0, 0, 0, 0)"	"(0, 0, 0, 1, 0, 0)"
110	"(0, 0, 0, 2, 1, 0)"	"(0, 0, 1, 2, 0, 0)"
112	"(0, 0, 0, 3, 2, 0)"	"(0, 0, 0, 6, 3, 0)"
113	"(0, 0, 0, 2, 0, 0)"	"(0, 0, 0, 2, 0, 0)"
115	"(1, 0, 0, 1, 0, 0)"	"(0, 0, 0, 3, 2, 0)"
118	"(0, 0, 0, 2, 0, 0)"	"(0, 0, 0, 0, 0, 0)"
119	"(0, 0, 0, 2, 1, 0)"	"(0, 0, 0, 1, 1, 0)"
120	"(0, 1, 1, 3, 1, 0)"	"(1, 0, 0, 2, 1, 0)"
121	"(0, 0, 0, 0, 0, 0)"	"(0, 0, 0, 2, 0, 0)"
123	"(0, 0, 0, 0, 3, 0)"	"(0, 0, 1, 0, 4, 0)"
124	"(0, 0, 1, 2, 1, 0)"	"(0, 0, 2, 1, 1, 0)"
126	"(0, 0, 0, 1, 0, 0)"	"(0, 0, 0, 1, 0, 0)"
127	"(0, 0, 2, 0, 0, 0)"	"(0, 0, 2, 0, 0, 0)"
128	"(0, 0, 1, 0, 0, 0)"	"(0, 0, 1, 0, 0, 0)"
130	"(0, 0, 0, 0, 0, 0)"	"(0, 0, 0, 2, 0, 0)"
131	"(0, 0, 1, 1, 0, 0)"	"(0, 0, 1, 1, 0, 0)"
132	"(1, 0, 0, 2, 0, 0)"	"(2, 0, 0, 1, 0, 1)"
136	"(0, 0, 0, 1, 0, 0)"	"(0, 0, 1, 1, 0, 0)"
141	"(0, 0, 0, 2, 1, 0)"	"(0, 0, 0, 0, 1, 0)"
143	"(0, 0, 0, 0, 2, 0)"	"(0, 0, 0, 0, 1, 0)"
144	"(0, 0, 0, 1, 0, 0)"	"(0, 0, 0, 1, 0, 0)"
146	"(0, 0, 1, 1, 1, 0)"	"(0, 0, 1, 2, 2, 0)"
151	"(0, 0, 0, 0, 1, 0)"	"(0, 0, 0, 3, 2, 0)"
152	"(0, 0, 1, 1, 0, 0)"	"(0, 0, 1, 0, 0, 0)"
155	"(0, 0, 0, 1, 2, 0)"	"(0, 0, 0, 0, 1, 0)"
157	"(0, 0, 1, 1, 1, 0)"	"(0, 0, 1, 1, 1, 0)"
165	"(0, 0, 0, 0, 0, 0)"	"(0, 1, 0, 0, 0, 0)"
167	"(0, 0, 0, 3, 0, 0)"	"(0, 0, 0, 1, 0, 0)"
168	"(0, 0, 0, 0, 1, 0)"	"(0, 0, 0, 0, 1, 0)"
170	"(0, 0, 0, 1, 0, 0)"	"(0, 0, 0, 1, 0, 0)"
174	"(0, 0, 0, 1, 0, 0)"	"(0, 0, 0, 0, 0, 0)"
175	"(0, 0, 0, 0, 1, 0)"	"(0, 0, 0, 0, 1, 0)"
178	"(0, 0, 0, 2, 0, 0)"	"(0, 0, 0, 1, 0, 0)"
179	"(0, 0, 0, 2, 1, 0)"	"(0, 0, 0, 2, 1, 0)"
180	"(0, 0, 0, 1, 2, 0)"	"(0, 0, 0, 0, 1, 0)"
182	"(0, 0, 1, 3, 1, 0)"	"(0, 0, 1, 3, 1, 0)"
185	"(1, 1, 0, 1, 0, 0)"	"(0, 0, 0, 2, 0, 0)"
186	"(0, 0, 1, 1, 1, 0)"	"(0, 0, 0, 1, 2, 0)"
187	"(0, 0, 0, 2, 0, 0)"	"(0, 0, 0, 3, 0, 0)"
188	"(0, 0, 1, 0, 0, 0)"	"(0, 0, 0, 0, 0, 0)"
192	"(0, 0, 0, 1, 1, 0)"	"(0, 0, 0, 1, 0, 0)"
193	"(0, 0, 0, 1, 0, 0)"	"(2, 0, 0, 0, 0, 1)"
195	"(1, 0, 0, 1, 0, 0)"	"(0, 0, 0, 0, 0, 0)"
199	"(0, 0, 0, 0, 0, 0)"	"(0, 0, 0, 1, 0, 0)"
200	"(0, 0, 0, 4, 1, 1)"	"(0, 0, 0, 3, 0, 1)"
202	"(0, 0, 0, 0, 0, 1)"	"(0, 0, 1, 0, 0, 1)"
203	"(0, 0, 0, 2, 0, 0)"	"(0, 0, 0, 3, 1, 0)"
205	"(0, 0, 0, 2, 0, 0)"	"(0, 0, 2, 3, 0, 0)"
206	"(0, 0, 0, 1, 0, 0)"	"(0, 0, 0, 0, 1, 0)"
208	"(0, 0, 0, 0, 1, 0)"	"(0, 0, 0, 0, 1, 0)"
209	"(2, 1, 1, 0, 0, 1)"	"(1, 0, 0, 0, 0, 0)"
210	"(0, 0, 0, 3, 2, 1)"	"(0, 0, 0, 2, 2, 1)"
212	"(3, 0, 0, 0, 0, 2)"	"(0, 0, 0, 0, 0, 0)"
213	"(0, 0, 1, 0, 1, 0)"	"(0, 0, 1, 0, 1, 0)"
215	"(0, 0, 0, 1, 0, 1)"	"(0, 0, 0, 1, 0, 1)"
217	"(0, 0, 0, 2, 3, 0)"	"(0, 0, 0, 3, 0, 0)"
219	"(0, 0, 0, 0, 2, 0)"	"(1, 0, 0, 4, 2, 0)"
220	"(1, 0, 1, 0, 0, 0)"	"(1, 0, 0, 0, 0, 0)"
221	"(0, 0, 0, 1, 4, 0)"	"(0, 0, 1, 1, 3, 0)"
222	"(1, 0, 0, 1, 0, 0)"	"(1, 0, 0, 4, 0, 0)"
223	"(0, 0, 1, 2, 1, 1)"	"(0, 0, 0, 1, 1, 0)"
224	"(0, 0, 1, 2, 0, 0)"	"(0, 0, 0, 1, 0, 0)"
225	"(0, 0, 1, 1, 1, 0)"	"(0, 0, 1, 0, 1, 0)"
226	"(0, 0, 1, 3, 0, 1)"	"(0, 0, 1, 2, 0, 1)"
227	"(0, 0, 0, 0, 0, 0)"	"(0, 0, 1, 0, 0, 0)"
230	"(0, 0, 0, 2, 5, 0)"	"(0, 0, 0, 2, 3, 0)"
231	"(0, 0, 0, 1, 1, 0)"	"(0, 0, 0, 1, 1, 0)"
233	"(0, 0, 0, 1, 2, 0)"	"(0, 0, 0, 1, 2, 0)"
234	"(1, 0, 0, 1, 0, 0)"	"(1, 0, 2, 1, 0, 0)"
248	"(0, 0, 0, 0, 2, 0)"	"(0, 0, 0, 1, 1, 0)"
250	"(1, 0, 0, 0, 0, 0)"	"(1, 0, 1, 0, 0, 0)"
255	"(0, 1, 0, 0, 6, 0)"	"(0, 1, 0, 1, 4, 0)"
256	"(0, 0, 0, 1, 0, 0)"	"(0, 0, 0, 0, 0, 0)"
266	"(0, 0, 0, 2, 0, 0)"	"(0, 0, 0, 0, 0, 0)"
267	"(0, 0, 0, 0, 1, 0)"	"(0, 0, 0, 3, 3, 0)"
268	"(0, 0, 0, 1, 0, 0)"	"(0, 0, 0, 2, 0, 0)"
269	"(0, 0, 1, 2, 0, 0)"	"(0, 0, 0, 2, 0, 0)"
270	"(0, 0, 0, 0, 1, 0)"	"(0, 0, 0, 0, 0, 0)"
271	"(0, 0, 0, 1, 1, 0)"	"(0, 0, 0, 0, 1, 0)"
272	"(0, 0, 0, 0, 2, 0)"	"(0, 0, 0, 0, 3, 0)"
274	"(0, 0, 1, 1, 3, 0)"	"(0, 0, 1, 0, 0, 0)"
275	"(0, 0, 0, 0, 0, 0)"	"(0, 0, 0, 1, 2, 0)"
276	"(0, 0, 0, 1, 0, 0)"	"(1, 0, 1, 0, 0, 0)"
279	"(0, 0, 0, 1, 0, 0)"	"(0, 0, 0, 2, 1, 0)"
281	"(0, 0, 0, 1, 2, 0)"	"(0, 0, 0, 1, 1, 0)"
283	"(1, 0, 1, 1, 1, 0)"	"(0, 0, 1, 0, 1, 0)"
284	"(0, 0, 0, 0, 1, 0)"	"(0, 0, 0, 0, 1, 0)"
286	"(4, 0, 0, 0, 0, 5)"	"(0, 0, 0, 0, 0, 1)"
289	"(0, 0, 0, 0, 0, 0)"	"(0, 0, 0, 0, 2, 0)"
293	"(0, 1, 0, 2, 2, 0)"	"(0, 1, 0, 2, 2, 0)"
295	"(0, 0, 0, 1, 1, 1)"	"(0, 0, 0, 0, 0, 0)"
296	"(1, 0, 0, 5, 0, 0)"	"(0, 0, 0, 6, 0, 0)"
298	"(0, 0, 0, 1, 1, 0)"	"(0, 0, 0, 1, 1, 1)"
300	"(0, 0, 0, 1, 1, 0)"	"(0, 0, 0, 2, 0, 0)"
301	"(2, 0, 1, 1, 0, 2)"	"(0, 0, 0, 0, 0, 0)"
303	"(1, 0, 0, 2, 5, 0)"	"(1, 0, 0, 2, 3, 0)"
304	"(0, 0, 0, 0, 1, 0)"	"(0, 0, 0, 0, 0, 0)"
305	"(0, 0, 1, 0, 0, 1)"	"(0, 0, 0, 0, 0, 0)"
307	"(0, 0, 0, 1, 0, 0)"	"(0, 0, 0, 0, 0, 0)"
308	"(1, 1, 1, 1, 0, 0)"	"(0, 0, 0, 1, 0, 0)"
309	"(0, 0, 0, 0, 0, 0)"	"(0, 0, 0, 0, 0, 1)"
310	"(0, 0, 0, 0, 2, 0)"	"(0, 0, 0, 0, 1, 0)"
312	"(0, 0, 1, 1, 0, 0)"	"(0, 0, 0, 2, 0, 0)"
313	"(0, 0, 0, 0, 2, 0)"	"(0, 0, 0, 0, 4, 0)"
314	"(0, 0, 0, 2, 0, 1)"	"(0, 0, 0, 0, 0, 0)"
315	"(0, 0, 0, 0, 0, 0)"	"(0, 0, 1, 0, 0, 0)"
316	"(0, 0, 0, 2, 1, 0)"	"(0, 0, 0, 1, 2, 0)"
317	"(0, 0, 0, 1, 0, 0)"	"(0, 0, 0, 2, 0, 0)"
320	"(1, 0, 0, 1, 2, 0)"	"(0, 0, 0, 0, 0, 0)"
323	"(0, 0, 1, 1, 1, 0)"	"(0, 0, 2, 0, 1, 0)"
324	"(0, 0, 0, 2, 0, 0)"	"(0, 0, 0, 2, 0, 0)"
325	"(1, 0, 0, 1, 1, 0)"	"(0, 0, 1, 1, 1, 0)"
327	"(0, 1, 1, 1, 0, 0)"	"(0, 1, 1, 1, 0, 0)"
328	"(0, 0, 0, 2, 1, 1)"	"(0, 0, 0, 3, 1, 1)"
329	"(1, 0, 2, 0, 1, 1)"	"(1, 0, 3, 0, 2, 1)"
330	"(0, 0, 0, 0, 0, 0)"	"(0, 0, 0, 1, 0, 0)"
331	"(2, 0, 1, 0, 1, 4)"	"(1, 0, 0, 0, 0, 0)"
332	"(0, 0, 0, 2, 1, 0)"	"(0, 0, 0, 2, 1, 0)"
333	"(0, 0, 0, 1, 1, 0)"	"(0, 0, 0, 1, 2, 0)"
334	"(0, 0, 0, 2, 0, 0)"	"(0, 0, 0, 1, 0, 0)"
335	"(0, 0, 0, 1, 1, 0)"	"(0, 0, 0, 0, 1, 0)"
338	"(0, 0, 0, 1, 0, 0)"	"(0, 0, 0, 1, 0, 0)"
340	"(0, 0, 0, 0, 0, 0)"	"(0, 0, 0, 1, 0, 0)"
341	"(0, 0, 0, 0, 2, 0)"	"(0, 0, 0, 1, 3, 1)"
342	"(0, 0, 0, 0, 0, 0)"	"(0, 0, 1, 0, 0, 0)"
344	"(0, 0, 0, 2, 1, 0)"	"(0, 0, 1, 0, 0, 0)"
345	"(0, 0, 0, 0, 3, 0)"	"(0, 0, 0, 0, 3, 0)"
347	"(0, 0, 0, 3, 0, 0)"	"(0, 0, 0, 3, 0, 0)"
350	"(0, 0, 0, 3, 1, 0)"	"(0, 0, 0, 2, 0, 0)"
354	"(0, 0, 0, 1, 0, 0)"	"(0, 0, 0, 1, 0, 0)"
358	"(0, 0, 0, 1, 2, 0)"	"(0, 0, 0, 0, 1, 0)"
359	"(0, 0, 1, 3, 1, 0)"	"(0, 0, 1, 2, 1, 0)"
360	"(0, 0, 2, 1, 0, 0)"	"(0, 0, 2, 1, 0, 0)"
363	"(0, 0, 0, 1, 0, 0)"	"(0, 0, 0, 0, 0, 0)"
366	"(0, 0, 0, 1, 3, 0)"	"(0, 0, 0, 0, 2, 0)"
367	"(0, 0, 0, 1, 3, 0)"	"(0, 0, 0, 0, 1, 0)"
368	"(2, 0, 0, 0, 0, 1)"	"(0, 0, 0, 0, 0, 0)"
369	"(0, 0, 0, 1, 3, 0)"	"(0, 0, 0, 1, 2, 0)"
370	"(0, 0, 2, 2, 2, 1)"	"(0, 0, 0, 1, 1, 1)"
