ID	wildtype	mutant
217	(0, 0, 0, 2, 3, 0)	(0, 0, 0, 3, 0, 0)
210	(0, 0, 0, 3, 2, 1)	(0, 0, 0, 2, 2, 1)
219	(0, 0, 0, 0, 2, 0)	(1, 0, 0, 4, 2, 0)
132	(1, 0, 0, 2, 0, 0)	(2, 0, 0, 1, 0, 1)
136	(0, 0, 0, 1, 0, 0)	(0, 0, 1, 1, 0, 0)
226	(0, 0, 1, 3, 0, 1)	(0, 0, 1, 2, 0, 1)
25	(0, 0, 0, 0, 1, 0)	(0, 0, 0, 0, 2, 0)
26	(0, 1, 1, 1, 2, 2)	(0, 1, 0, 0, 1, 0)
27	(0, 0, 0, 2, 1, 0)	(1, 0, 1, 2, 0, 0)
21	(0, 0, 0, 0, 3, 0)	(0, 0, 0, 0, 2, 0)
22	(0, 0, 0, 2, 0, 1)	(0, 0, 0, 1, 2, 0)
28	(0, 0, 0, 3, 2, 0)	(0, 0, 0, 1, 1, 0)
344	(0, 0, 0, 2, 1, 0)	(0, 0, 1, 0, 0, 0)
341	(0, 0, 0, 0, 2, 0)	(0, 0, 0, 1, 3, 1)
281	(0, 0, 0, 1, 2, 0)	(0, 0, 0, 1, 1, 0)
283	(1, 0, 1, 1, 1, 0)	(0, 0, 1, 0, 1, 0)
286	(4, 0, 0, 0, 0, 5)	(0, 0, 0, 0, 0, 1)
120	(0, 1, 1, 3, 1, 0)	(1, 0, 0, 2, 1, 0)
123	(0, 0, 0, 0, 3, 0)	(0, 0, 1, 0, 4, 0)
124	(0, 0, 1, 2, 1, 0)	(0, 0, 2, 1, 1, 0)
269	(0, 0, 1, 2, 0, 0)	(0, 0, 0, 2, 0, 0)
268	(0, 0, 0, 1, 0, 0)	(0, 0, 0, 2, 0, 0)
54	(0, 0, 2, 0, 1, 0)	(0, 0, 3, 0, 0, 0)
50	(0, 0, 0, 1, 2, 0)	(0, 0, 0, 1, 1, 1)
298	(0, 0, 0, 1, 1, 0)	(0, 0, 0, 1, 1, 1)
296	(1, 0, 0, 5, 0, 0)	(0, 0, 0, 6, 0, 0)
370	(0, 0, 2, 2, 2, 1)	(0, 0, 0, 1, 1, 1)
313	(0, 0, 0, 0, 2, 0)	(0, 0, 0, 0, 4, 0)
312	(0, 0, 1, 1, 0, 0)	(0, 0, 0, 2, 0, 0)
178	(0, 0, 0, 2, 0, 0)	(0, 0, 0, 1, 0, 0)
317	(0, 0, 0, 1, 0, 0)	(0, 0, 0, 2, 0, 0)
316	(0, 0, 0, 2, 1, 0)	(0, 0, 0, 1, 2, 0)
193	(0, 0, 0, 1, 0, 0)	(2, 0, 0, 0, 0, 1)
192	(0, 0, 0, 1, 1, 0)	(0, 0, 0, 1, 0, 0)
115	(1, 0, 0, 1, 0, 0)	(0, 0, 0, 3, 2, 0)
271	(0, 0, 0, 1, 1, 0)	(0, 0, 0, 0, 1, 0)
272	(0, 0, 0, 0, 2, 0)	(0, 0, 0, 0, 3, 0)
274	(0, 0, 1, 1, 3, 0)	(0, 0, 1, 0, 0, 0)
110	(0, 0, 0, 2, 1, 0)	(0, 0, 1, 2, 0, 0)
276	(0, 0, 0, 1, 0, 0)	(1, 0, 1, 0, 0, 0)
112	(0, 0, 0, 3, 2, 0)	(0, 0, 0, 6, 3, 0)
279	(0, 0, 0, 1, 0, 0)	(0, 0, 0, 2, 1, 0)
119	(0, 0, 0, 2, 1, 0)	(0, 0, 0, 1, 1, 0)
84	(0, 0, 0, 5, 1, 0)	(0, 0, 0, 5, 1, 0)
206	(0, 0, 0, 1, 0, 0)	(0, 0, 0, 0, 1, 0)
7	(0, 0, 0, 1, 0, 1)	(0, 0, 0, 1, 1, 1)
369	(0, 0, 0, 1, 3, 0)	(0, 0, 0, 1, 2, 0)
366	(0, 0, 0, 1, 3, 0)	(0, 0, 0, 0, 2, 0)
367	(0, 0, 0, 1, 3, 0)	(0, 0, 0, 0, 1, 0)
255	(0, 1, 0, 0, 6, 0)	(0, 1, 0, 1, 4, 0)
308	(1, 1, 1, 1, 0, 0)	(0, 0, 0, 1, 0, 0)
300	(0, 0, 0, 1, 1, 0)	(0, 0, 0, 2, 0, 0)
303	(1, 0, 0, 2, 5, 0)	(1, 0, 0, 2, 3, 0)
100	(1, 1, 3, 0, 0, 0)	(0, 0, 1, 0, 0, 0)
101	(2, 0, 1, 0, 2, 0)	(0, 0, 1, 0, 2, 0)
106	(0, 0, 2, 1, 3, 0)	(0, 0, 2, 0, 2, 0)
248	(0, 0, 0, 0, 2, 0)	(0, 0, 0, 1, 1, 0)
33	(0, 0, 2, 0, 1, 0)	(0, 0, 0, 0, 1, 0)
224	(0, 0, 1, 2, 0, 0)	(0, 0, 0, 1, 0, 0)
37	(0, 0, 2, 0, 2, 0)	(0, 0, 2, 0, 0, 0)
35	(0, 0, 0, 0, 8, 0)	(0, 0, 0, 0, 7, 0)
335	(0, 0, 0, 1, 1, 0)	(0, 0, 0, 0, 1, 0)
334	(0, 0, 0, 2, 0, 0)	(0, 0, 0, 1, 0, 0)
331	(2, 0, 1, 0, 1, 4)	(1, 0, 0, 0, 0, 0)
333	(0, 0, 0, 1, 1, 0)	(0, 0, 0, 1, 2, 0)
67	(0, 0, 0, 5, 0, 1)	(0, 0, 0, 2, 0, 1)
250	(1, 0, 0, 0, 0, 0)	(1, 0, 1, 0, 0, 0)
170	(0, 0, 0, 1, 0, 0)	(0, 0, 0, 1, 0, 0)
180	(0, 0, 0, 1, 2, 0)	(0, 0, 0, 0, 1, 0)
167	(0, 0, 0, 3, 0, 0)	(0, 0, 0, 1, 0, 0)
187	(0, 0, 0, 2, 0, 0)	(0, 0, 0, 3, 0, 0)
185	(1, 1, 0, 1, 0, 0)	(0, 0, 0, 2, 0, 0)
186	(0, 0, 1, 1, 1, 0)	(0, 0, 0, 1, 2, 0)
310	(0, 0, 0, 0, 2, 0)	(0, 0, 0, 0, 1, 0)
221	(0, 0, 0, 1, 4, 0)	(0, 0, 1, 1, 3, 0)
98	(0, 0, 1, 1, 0, 0)	(0, 0, 1, 0, 0, 0)
90	(0, 0, 0, 1, 0, 0)	(0, 0, 0, 3, 0, 0)
225	(0, 0, 1, 1, 1, 0)	(0, 0, 1, 0, 1, 0)
92	(0, 0, 0, 2, 0, 1)	(0, 0, 0, 2, 0, 0)
223	(0, 0, 1, 2, 1, 1)	(0, 0, 0, 1, 1, 0)
222	(1, 0, 0, 1, 0, 0)	(1, 0, 0, 4, 0, 0)
97	(0, 0, 0, 1, 0, 0)	(0, 0, 0, 2, 0, 0)
220	(1, 0, 1, 0, 0, 0)	(1, 0, 0, 0, 0, 0)
14	(0, 0, 0, 5, 0, 0)	(0, 0, 1, 1, 0, 0)
151	(0, 0, 0, 0, 1, 0)	(0, 0, 0, 3, 2, 0)
152	(0, 0, 1, 1, 0, 0)	(0, 0, 1, 0, 0, 0)
155	(0, 0, 0, 1, 2, 0)	(0, 0, 0, 0, 1, 0)
234	(1, 0, 0, 1, 0, 0)	(1, 0, 2, 1, 0, 0)
230	(0, 0, 0, 2, 5, 0)	(0, 0, 0, 2, 3, 0)
44	(0, 0, 0, 0, 2, 0)	(0, 0, 0, 5, 2, 0)
40	(0, 0, 2, 0, 0, 0)	(0, 0, 0, 0, 2, 0)
1	(0, 0, 0, 2, 0, 0)	(0, 0, 0, 2, 1, 0)
323	(0, 0, 1, 1, 1, 0)	(0, 0, 2, 0, 1, 0)
5	(0, 0, 0, 1, 1, 0)	(0, 0, 0, 1, 2, 0)
324	(0, 0, 0, 2, 0, 0)	(0, 0, 0, 2, 0, 0)
325	(1, 0, 0, 1, 1, 0)	(0, 0, 1, 1, 1, 0)
9	(0, 0, 1, 3, 4, 0)	(0, 0, 0, 3, 4, 0)
328	(0, 0, 0, 2, 1, 1)	(0, 0, 0, 3, 1, 1)
329	(1, 0, 2, 0, 1, 1)	(1, 0, 3, 0, 2, 1)
146	(0, 0, 1, 1, 1, 0)	(0, 0, 1, 2, 2, 0)
200	(0, 0, 0, 4, 1, 1)	(0, 0, 0, 3, 0, 1)
203	(0, 0, 0, 2, 0, 0)	(0, 0, 0, 3, 1, 0)
202	(0, 0, 0, 0, 0, 1)	(0, 0, 1, 0, 0, 1)
205	(0, 0, 0, 2, 0, 0)	(0, 0, 2, 3, 0, 0)
143	(0, 0, 0, 0, 2, 0)	(0, 0, 0, 0, 1, 0)
141	(0, 0, 0, 2, 1, 0)	(0, 0, 0, 0, 1, 0)
209	(2, 1, 1, 0, 0, 1)	(1, 0, 0, 0, 0, 0)
76	(0, 0, 0, 1, 4, 0)	(0, 0, 0, 3, 3, 0)
75	(0, 0, 0, 4, 0, 0)	(0, 0, 0, 2, 0, 0)
73	(1, 0, 0, 2, 2, 0)	(0, 0, 0, 1, 1, 0)
72	(0, 0, 0, 0, 0, 1)	(0, 0, 0, 1, 0, 1)
70	(0, 0, 0, 5, 0, 0)	(0, 0, 0, 4, 0, 0)
79	(0, 0, 1, 0, 0, 0)	(0, 0, 1, 1, 0, 0)
350	(0, 0, 0, 3, 1, 0)	(0, 0, 0, 2, 0, 0)
267	(0, 0, 0, 0, 1, 0)	(0, 0, 0, 3, 3, 0)
359	(0, 0, 1, 3, 1, 0)	(0, 0, 1, 2, 1, 0)
358	(0, 0, 0, 1, 2, 0)	(0, 0, 0, 0, 1, 0)
